{"cameraMode":{"drawMode":0,"name":"Shaded","section":"Shading Mode"},"sceneLighting":true,"audioPlay":false,"sceneViewState":{"showFog":true,"showMaterialUpdate":false,"showSkybox":true,"showFlares":true,"showImageEffects":true,"showParticleSystems":true},"in2DMode":false,"pivot":{"x":0.09518032521009445,"y":1.0492198467254639,"z":-0.2649604082107544},"rotation":{"x":0.004480266943573952,"y":0.9952991008758545,"z":-0.0781017541885376,"w":0.05709387734532356},"size":1.1673364639282227,"orthographic":false}